tempo_s,setpoint_cm,distancia_cm,rpm
0.129,15.0,7.29,11.51
0.224,15.0,8.32,10.12
0.325,15.0,9.18,9.1
0.427,15.0,9.6,8.7
0.528,15.0,9.83,8.57
0.629,15.0,9.97,8.56
0.73,15.0,10.07,8.61
0.831,15.0,10.15,8.68
0.932,15.0,10.23,8.76
1.033,15.0,10.29,8.86
1.134,15.0,10.34,8.97
1.235,15.0,10.39,9.08
1.336,15.0,10.43,9.21
1.437,15.0,10.46,9.34
1.538,15.0,10.5,9.46
1.639,15.0,10.53,9.59
1.741,15.0,10.6,9.66
1.842,15.0,10.65,9.72
1.943,15.0,10.7,9.79
2.044,15.0,10.74,9.9
2.145,15.0,10.78,10.0
2.246,15.0,10.84,10.07
2.347,15.0,10.89,10.17
2.448,15.0,10.94,10.26
2.549,15.0,10.98,10.35
2.65,15.0,11.03,10.44
2.751,15.0,11.08,10.52
2.852,15.0,11.13,10.6
2.953,15.0,11.19,10.68
3.054,15.0,11.24,10.75
3.155,15.0,11.29,10.82
3.256,15.0,11.33,10.91
3.357,15.0,11.38,10.9
3.458,15.0,11.44,10.96
3.559,15.0,11.5,11.02
3.66,15.0,11.56,11.07
3.761,15.0,11.61,11.12
3.862,15.0,11.66,11.19
3.963,15.0,11.72,11.22
4.064,15.0,11.79,11.26
4.165,15.0,11.86,11.28
4.267,15.0,11.93,11.29
4.368,15.0,12.01,11.3
4.469,15.0,12.08,11.31
4.57,15.0,12.15,11.32
4.671,15.0,12.23,11.32
4.772,15.0,12.3,11.32
4.873,15.0,12.38,11.26
4.974,15.0,12.45,11.26
5.075,15.0,12.53,11.24
5.176,15.0,12.6,11.23
5.277,15.0,12.67,11.22
5.378,15.0,12.73,11.22
5.479,15.0,12.79,11.22
5.58,15.0,12.87,11.2
5.681,15.0,12.94,11.18
5.782,15.0,13.0,11.16
5.883,15.0,13.07,11.14
5.984,15.0,13.14,11.1
6.085,15.0,13.21,11.08
6.187,15.0,13.26,11.08
6.288,15.0,13.33,11.0
6.389,15.0,13.4,10.97
6.49,15.0,13.46,10.94
6.591,15.0,13.52,10.91
6.692,15.0,13.58,10.88
6.794,15.0,13.66,10.82
6.895,15.0,13.73,10.77
6.996,15.0,13.8,10.71
7.097,15.0,13.88,10.64
7.198,15.0,13.96,10.57
7.299,15.0,14.03,10.5
7.4,15.0,14.08,10.46
7.501,15.0,14.16,10.38
7.602,15.0,14.23,10.3
7.703,15.0,14.3,10.21
7.804,15.0,14.38,10.13
7.905,15.0,14.44,10.06
8.006,15.0,14.51,9.97
8.107,15.0,14.57,9.91
8.208,15.0,14.64,9.82
8.309,15.0,14.71,9.72
8.41,15.0,14.78,9.63
8.511,15.0,14.86,9.53
8.612,15.0,14.93,0.0
8.713,15.0,14.98,0.0
8.814,15.0,15.04,0.0
8.915,15.0,15.1,0.0
9.016,15.0,15.15,-0.23
9.117,15.0,15.2,-0.27
9.218,15.0,15.25,-0.39
9.319,15.0,15.29,-0.46
9.42,15.0,15.32,-0.52
9.521,15.0,15.34,-0.56
9.622,15.0,15.37,-0.62
9.723,15.0,15.4,-0.67
9.824,15.0,15.41,-0.7
9.925,15.0,15.42,-0.73
10.027,15.0,15.44,-0.78
10.128,15.0,15.45,-0.82
10.229,15.0,15.47,-0.86
10.33,15.0,15.49,-0.91
10.431,15.0,15.5,-0.95
10.532,15.0,15.51,-0.98
10.633,15.0,15.51,-1.0
10.734,15.0,15.52,-1.03
10.835,15.0,15.53,-1.06
10.936,15.0,15.53,-1.08
11.037,15.0,15.54,-1.11
11.138,15.0,15.53,-1.13
11.239,15.0,15.54,-1.16
11.34,15.0,15.54,-1.19
11.441,15.0,15.54,-1.21
11.542,15.0,15.54,-1.23
11.643,15.0,15.54,-1.24
11.744,15.0,15.53,-1.25
11.846,15.0,15.53,-1.28
11.947,15.0,15.53,-1.3
12.048,15.0,15.54,-1.33
12.149,15.0,15.55,-1.36
12.25,15.0,15.55,-1.39
12.351,15.0,15.56,-1.42
12.452,15.0,15.56,-1.44
12.553,15.0,15.57,-1.47
12.654,15.0,15.57,-1.5
12.755,15.0,15.57,-1.53
12.856,15.0,15.57,-1.55
12.957,15.0,15.58,-1.58
13.058,15.0,15.58,-1.61
13.159,15.0,15.58,-1.63
13.26,15.0,15.58,-1.66
13.361,15.0,15.58,-1.68
13.462,15.0,15.59,-1.69
13.563,15.0,15.59,-1.72
13.664,15.0,15.58,-1.74
13.765,15.0,15.58,-1.76
13.867,15.0,15.58,-1.78
13.968,15.0,15.58,-1.81
14.069,15.0,15.58,-1.83
14.17,15.0,15.58,-1.85
14.271,15.0,15.58,-1.87
14.372,15.0,15.58,-1.9
14.473,15.0,15.58,-1.92
14.574,15.0,15.58,-1.94
14.675,15.0,15.58,-1.96
14.776,15.0,15.57,-1.98
14.877,15.0,15.56,-1.99
14.978,15.0,15.55,-1.98
15.079,15.0,15.54,-1.99
15.18,15.0,15.53,-1.99
15.281,15.0,15.52,-1.99
15.382,15.0,15.51,-2.0
15.483,15.0,15.49,-2.0
15.584,15.0,15.48,-2.0
15.685,15.0,15.46,-1.99
15.787,15.0,15.45,-1.99
15.888,15.0,15.45,-2.0
15.989,15.0,15.44,-2.01
16.09,15.0,15.43,-2.01
16.191,15.0,15.42,-2.02
16.292,15.0,15.42,-2.03
16.393,15.0,15.41,-2.03
16.494,15.0,15.4,-2.03
16.595,15.0,15.4,-2.04
16.696,15.0,15.39,-2.04
16.797,15.0,15.38,-2.04
16.899,15.0,15.37,-2.05
17.0,15.0,15.37,-2.05
17.101,15.0,15.36,-2.06
17.202,15.0,15.35,-2.06
17.303,15.0,15.34,-2.06
17.404,15.0,15.34,-2.06
17.505,15.0,15.33,-2.07
17.606,15.0,15.32,-2.07
17.707,15.0,15.32,-2.07
17.808,15.0,15.31,-2.07
17.909,15.0,15.3,-2.07
18.01,15.0,15.3,-2.07
18.111,15.0,15.29,-2.07
18.212,15.0,15.27,-2.06
18.313,15.0,15.26,-2.06
18.414,15.0,15.25,-2.06
18.515,15.0,15.25,-2.05
18.616,15.0,15.24,-2.05
18.717,15.0,15.23,-2.05
18.818,15.0,15.22,-2.04
18.919,15.0,15.21,-2.03
19.02,15.0,15.2,-2.03
19.121,15.0,15.19,-2.02
19.222,15.0,15.18,-2.02
19.323,15.0,15.17,-2.01
19.424,15.0,15.16,-2.0
19.525,15.0,15.16,-2.0
19.627,15.0,15.15,-1.99
19.728,15.0,15.14,-1.99
19.829,15.0,15.13,-1.98
19.93,15.0,15.12,-1.97
20.031,15.0,15.11,-1.96
20.132,15.0,15.11,-1.96
20.233,15.0,15.1,0.0
20.334,15.0,15.08,0.0
20.435,15.0,15.07,0.0
20.536,15.0,15.06,0.0
20.637,15.0,15.05,0.0
20.738,15.0,15.04,0.0
20.839,15.0,15.02,0.0
20.94,15.0,15.01,0.0
21.041,15.0,15.0,0.0
21.142,15.0,14.99,0.0
21.243,15.0,14.98,0.0
21.344,15.0,14.97,0.0
21.445,15.0,14.96,0.0
21.547,15.0,14.95,0.0
21.648,15.0,14.94,0.0
21.749,15.0,14.92,0.0
21.851,15.0,14.91,0.0
21.952,15.0,14.9,0.0
22.053,15.0,14.9,0.16
22.154,15.0,14.89,0.17
22.255,15.0,14.88,0.19
22.356,15.0,14.87,0.2
22.457,15.0,14.87,0.22
22.558,15.0,14.86,0.23
22.659,15.0,14.86,0.24
22.76,15.0,14.85,0.26
22.861,15.0,14.84,0.27
22.962,15.0,14.84,0.29
23.063,15.0,14.83,0.3
23.164,15.0,14.83,0.32
23.265,15.0,14.82,0.33
23.366,15.0,14.82,0.34
23.467,15.0,14.82,0.36
23.568,15.0,14.81,0.37
23.669,15.0,14.81,0.38
23.77,15.0,14.8,0.4
23.871,15.0,14.8,0.41
23.972,15.0,14.8,0.42
24.073,15.0,14.8,0.43
24.174,15.0,14.79,0.44
24.275,15.0,14.79,0.45
24.376,15.0,14.79,0.46
24.477,15.0,14.79,0.47
24.578,15.0,14.79,0.48
24.679,15.0,14.79,0.49
24.78,15.0,14.78,0.5
24.881,15.0,14.78,0.52
24.982,15.0,14.78,0.53
25.083,15.0,14.78,0.53
25.184,15.0,14.78,0.55
25.285,15.0,14.77,0.56
25.387,15.0,14.77,0.57
25.488,15.0,14.77,0.58
25.589,15.0,14.77,0.6
25.69,15.0,14.77,0.61
25.791,15.0,14.76,0.62
25.892,15.0,14.76,0.63
25.993,15.0,14.76,0.65
26.094,15.0,14.76,0.66
26.195,15.0,14.76,0.67
26.296,15.0,14.76,0.68
26.397,15.0,14.75,0.69
26.498,15.0,14.75,0.71
26.599,15.0,14.75,0.71
26.7,15.0,14.75,0.73
26.801,15.0,14.75,0.74
26.903,15.0,14.74,0.75
27.004,15.0,14.75,0.76
27.105,15.0,14.74,0.77
27.206,15.0,14.74,0.78
27.307,15.0,14.75,0.79
27.408,15.0,14.75,0.8
27.509,15.0,14.75,0.81
27.61,15.0,14.75,0.82
27.711,15.0,14.75,0.83
27.812,15.0,14.75,0.84
27.913,15.0,14.75,0.85
28.014,15.0,14.75,0.85
28.115,15.0,14.75,0.86
28.216,15.0,14.75,0.87
28.317,15.0,14.75,0.88
28.418,15.0,14.75,0.89
28.519,15.0,14.75,0.9
28.62,15.0,14.75,0.91
28.721,15.0,14.75,0.92
28.822,15.0,14.75,0.92
28.923,15.0,14.76,0.93
29.024,15.0,14.76,0.94
29.125,15.0,14.76,0.95
29.227,15.0,14.76,0.95
29.328,15.0,14.76,0.96
29.429,15.0,14.76,0.96
29.53,15.0,14.76,0.97
29.631,15.0,14.77,0.98
29.732,15.0,14.77,0.98
29.833,15.0,14.77,0.99
29.934,15.0,14.77,1.0
30.035,15.0,14.77,1.0
30.136,15.0,14.78,1.01
30.237,15.0,14.78,1.02
30.338,15.0,14.78,1.02
30.439,15.0,14.78,1.03
30.54,15.0,14.78,1.04
30.641,15.0,14.78,1.04
30.742,15.0,14.78,1.05
30.843,15.0,14.78,1.06
30.944,15.0,14.79,1.06
31.045,15.0,14.79,1.07
31.147,15.0,14.79,1.07
31.248,15.0,14.79,1.08
31.349,15.0,14.79,1.08
31.45,15.0,14.79,1.09
31.551,15.0,14.79,1.1
31.652,15.0,14.8,1.1
31.753,15.0,14.8,1.11
31.854,15.0,14.8,1.11
31.956,15.0,14.79,1.13
32.057,15.0,14.79,1.14
32.158,15.0,14.79,1.15
32.259,15.0,14.79,1.15
32.36,15.0,14.8,1.15
32.461,15.0,14.8,1.16
32.562,15.0,14.8,1.16
32.663,15.0,14.81,1.16
32.764,15.0,14.81,1.17
32.865,15.0,14.81,1.17
32.966,15.0,14.82,1.17
33.067,15.0,14.82,1.17
33.168,15.0,14.82,1.17
33.269,15.0,14.83,1.18
33.37,15.0,14.83,1.18
33.471,15.0,14.84,1.18
33.572,15.0,14.84,1.17
33.673,15.0,14.85,1.17
33.774,15.0,14.85,1.17
33.875,15.0,14.86,1.17
33.976,15.0,14.86,1.17
34.077,15.0,14.87,1.17
34.178,15.0,14.87,1.16
34.279,15.0,14.88,1.16
34.38,15.0,14.88,1.15
34.481,15.0,14.89,1.15
34.582,15.0,14.9,1.14
34.683,15.0,14.9,0.0
34.784,15.0,14.91,0.0
34.885,15.0,14.92,0.0
34.987,15.0,14.92,0.0
35.088,15.0,14.93,0.0
35.189,15.0,14.93,0.0
35.29,15.0,14.94,0.0
35.391,15.0,14.94,0.0
35.492,15.0,14.95,0.0
35.593,15.0,14.95,0.0
35.694,15.0,14.96,0.0
35.795,15.0,14.96,0.0
35.896,15.0,14.97,0.0
35.997,15.0,14.97,0.0
36.098,15.0,14.97,0.0
36.199,15.0,14.98,0.0
36.3,15.0,14.98,0.0
36.401,15.0,14.99,0.0
36.502,15.0,14.99,0.0
36.603,15.0,14.99,0.0
36.704,15.0,15.0,0.0
36.805,15.0,15.0,0.0
36.907,15.0,15.0,0.0
37.009,15.0,15.01,0.0
37.11,15.0,15.01,0.0
37.211,15.0,15.01,0.0
37.312,15.0,15.01,0.0
37.413,15.0,15.02,0.0
37.514,15.0,15.02,0.0
37.615,15.0,15.02,0.0
37.716,15.0,15.03,0.0
37.817,15.0,15.03,0.0
37.918,15.0,15.03,0.0
38.019,15.0,15.04,0.0
38.12,15.0,15.04,0.0
38.221,15.0,15.04,0.0
38.322,15.0,15.04,0.0
38.423,15.0,15.05,0.0
38.524,15.0,15.05,0.0
38.625,15.0,15.05,0.0
38.726,15.0,15.05,0.0
38.827,15.0,15.06,0.0
38.928,15.0,15.06,0.0
39.029,15.0,15.06,0.0
39.13,15.0,15.06,0.0
39.231,15.0,15.07,0.0
39.332,15.0,15.07,0.0
39.433,15.0,15.07,0.0
39.534,15.0,15.08,0.0
39.635,15.0,15.08,0.0
39.736,15.0,15.08,0.0
39.837,15.0,15.08,0.0
39.938,15.0,15.09,0.0
40.039,15.0,15.09,0.0
40.14,15.0,15.09,0.0
40.241,15.0,15.09,0.0
40.342,15.0,15.1,0.0
40.443,15.0,15.1,0.0
40.544,15.0,15.1,0.0
40.645,15.0,15.1,0.0
40.747,15.0,15.1,-0.15
40.848,15.0,15.1,-0.16
40.949,15.0,15.1,-0.16
41.05,15.0,15.1,-0.17
41.151,15.0,15.11,-0.17
41.252,15.0,15.11,-0.18
41.353,15.0,15.11,-0.18
41.454,15.0,15.11,-0.19
41.555,15.0,15.11,-0.19
41.656,15.0,15.11,-0.2
41.757,15.0,15.11,-0.2
41.858,15.0,15.11,-0.21
41.959,15.0,15.11,-0.21
42.061,15.0,15.11,-0.22
42.162,15.0,15.11,-0.22
42.263,15.0,15.11,-0.23
42.364,15.0,15.11,-0.23
42.465,15.0,15.11,-0.24
42.566,15.0,15.11,-0.24
42.667,15.0,15.11,-0.25
42.768,15.0,15.12,-0.26
42.869,15.0,15.12,-0.26
42.97,15.0,15.12,-0.27
43.071,15.0,15.12,-0.27
43.172,15.0,15.12,-0.28
43.273,15.0,15.12,-0.29
43.374,15.0,15.12,-0.29
43.475,15.0,15.12,-0.3
43.576,15.0,15.12,-0.3
43.677,15.0,15.12,-0.31
43.778,15.0,15.12,-0.31
43.879,15.0,15.12,-0.32
43.98,15.0,15.12,-0.32
44.081,15.0,15.13,-0.33
44.182,15.0,15.13,-0.34
44.283,15.0,15.13,-0.34
44.384,15.0,15.13,-0.35
44.485,15.0,15.13,-0.36
44.587,15.0,15.13,-0.37
44.688,15.0,15.13,-0.37
44.789,15.0,15.13,-0.38
44.89,15.0,15.14,-0.39
44.991,15.0,15.14,-0.4
45.092,15.0,15.14,-0.4
45.193,15.0,15.14,-0.41
45.294,15.0,15.14,-0.41
45.395,15.0,15.14,-0.42
45.496,15.0,15.14,-0.42
45.597,15.0,15.14,-0.43
45.698,15.0,15.14,-0.44
45.799,15.0,15.14,-0.44
45.9,15.0,15.14,-0.45
46.001,15.0,15.14,-0.46
46.102,15.0,15.14,-0.46
46.203,15.0,15.14,-0.47
46.304,15.0,15.14,-0.47
46.405,15.0,15.14,-0.48
46.507,15.0,15.14,-0.49
46.608,15.0,15.14,-0.49
46.709,15.0,15.14,-0.49
46.81,15.0,15.14,-0.5
46.911,15.0,15.14,-0.5
47.012,15.0,15.14,-0.51
47.114,15.0,15.14,-0.51
47.215,15.0,15.14,-0.52
47.316,15.0,15.14,-0.53
47.417,15.0,15.14,-0.53
47.518,15.0,15.14,-0.54
47.619,15.0,15.14,-0.55
47.72,15.0,15.14,-0.55
47.821,15.0,15.15,-0.56
47.922,15.0,15.15,-0.57
48.023,15.0,15.15,-0.57
48.124,15.0,15.15,-0.58
48.225,15.0,15.15,-0.58
48.326,15.0,15.15,-0.59
48.427,15.0,15.15,-0.59
48.528,15.0,15.15,-0.6
48.629,15.0,15.15,-0.61
48.73,15.0,15.15,-0.61
48.831,15.0,15.15,-0.62
48.932,15.0,15.15,-0.63
49.033,15.0,15.15,-0.63
49.134,15.0,15.15,-0.64
49.235,15.0,15.15,-0.65
49.336,15.0,15.15,-0.65
49.437,15.0,15.15,-0.66
49.538,15.0,15.15,-0.66
49.639,15.0,15.15,-0.67
49.74,15.0,15.15,-0.68
49.841,15.0,15.15,-0.69
49.942,15.0,15.16,-0.69
50.043,15.0,15.16,-0.7
50.144,15.0,15.16,-0.71
50.245,15.0,15.16,-0.71
50.347,15.0,15.16,-0.72
50.448,15.0,15.16,-0.73
50.549,15.0,15.16,-0.73
50.65,15.0,15.16,-0.74
50.751,15.0,15.16,-0.75
50.852,15.0,15.16,-0.75
50.953,15.0,15.16,-0.76
51.054,15.0,15.16,-0.76
51.155,15.0,15.16,-0.77
51.256,15.0,15.16,-0.78
51.357,15.0,15.16,-0.78
51.458,15.0,15.16,-0.79
51.559,15.0,15.16,-0.79
51.66,15.0,15.16,-0.8
51.761,15.0,15.15,-0.8
51.862,15.0,15.15,-0.81
51.963,15.0,15.15,-0.81
52.064,15.0,15.15,-0.81
52.166,15.0,15.15,-0.82
52.267,15.0,15.15,-0.82
52.368,15.0,15.15,-0.83
52.469,15.0,15.15,-0.83
52.57,15.0,15.15,-0.84
52.671,15.0,15.15,-0.84
52.772,15.0,15.15,-0.85
52.873,15.0,15.15,-0.85
52.974,15.0,15.14,-0.86
53.075,15.0,15.14,-0.86
53.176,15.0,15.14,-0.86
53.277,15.0,15.14,-0.87
53.378,15.0,15.14,-0.87
53.479,15.0,15.14,-0.88
53.58,15.0,15.14,-0.88
53.681,15.0,15.14,-0.88
53.782,15.0,15.14,-0.89
53.883,15.0,15.13,-0.89
53.984,15.0,15.13,-0.89
54.085,15.0,15.13,-0.89
54.187,15.0,15.13,-0.89
54.288,15.0,15.12,-0.89
54.389,15.0,15.12,-0.89
54.49,15.0,15.11,-0.89
54.591,15.0,15.11,-0.89
54.692,15.0,15.11,-0.89
54.793,15.0,15.11,-0.89
54.894,15.0,15.11,-0.9
54.995,15.0,15.1,-0.89
55.096,15.0,15.1,0.0
55.197,15.0,15.09,0.0
55.298,15.0,15.08,0.0
55.399,15.0,15.08,0.0
55.5,15.0,15.07,0.0
55.601,15.0,15.06,0.0
55.702,15.0,15.05,0.0
55.803,15.0,15.05,0.0
55.904,15.0,15.04,0.0
56.005,15.0,15.04,0.0
56.107,15.0,15.03,0.0
56.208,15.0,15.03,0.0
56.309,15.0,15.03,0.0
56.41,15.0,15.02,0.0
56.511,15.0,15.02,0.0
56.612,15.0,15.02,0.0
56.713,15.0,15.02,0.0
56.814,15.0,15.01,0.0
56.915,15.0,15.01,0.0
57.016,15.0,15.01,0.0
57.117,15.0,15.0,0.0
57.219,15.0,15.0,0.0
57.32,15.0,14.99,0.0
57.421,15.0,14.98,0.0
57.522,15.0,14.97,0.0
57.623,15.0,14.97,0.0
57.724,15.0,14.97,0.0
57.825,15.0,14.97,0.0
57.926,15.0,14.97,0.0
58.027,15.0,14.97,0.0
58.128,15.0,14.97,0.0
58.229,15.0,14.96,0.0
58.33,15.0,14.95,0.0
58.431,15.0,14.95,0.0
58.532,15.0,14.94,0.0
58.633,15.0,14.93,0.0
58.734,15.0,14.92,0.0
58.835,15.0,14.91,0.0
58.936,15.0,14.9,0.0
59.037,15.0,14.9,0.16
59.138,15.0,14.89,0.17
59.239,15.0,14.88,0.19
59.34,15.0,14.87,0.2
59.441,15.0,14.87,0.22
59.542,15.0,14.86,0.23
59.643,15.0,14.85,0.25
59.744,15.0,14.85,0.26
59.845,15.0,14.85,0.27
59.947,15.0,14.85,0.27
60.048,15.0,14.85,0.27
60.149,15.0,14.85,0.28
60.25,15.0,14.85,0.29
60.351,15.0,14.85,0.29
60.452,15.0,14.85,0.29
60.553,15.0,14.85,0.31
60.654,15.0,14.85,0.31
60.755,15.0,14.84,0.33
60.856,15.0,14.84,0.34
60.957,15.0,14.84,0.35
61.058,15.0,14.83,0.36
61.159,15.0,14.83,0.37
61.26,15.0,14.83,0.37
61.361,15.0,14.83,0.38
61.462,15.0,14.84,0.38
61.563,15.0,14.84,0.39
61.664,15.0,14.84,0.39
61.765,15.0,14.84,0.4
61.867,15.0,14.84,0.41
61.968,15.0,14.84,0.41
62.069,15.0,14.84,0.42
62.171,15.0,14.84,0.42
62.272,15.0,14.84,0.43
62.373,15.0,14.84,0.43
62.474,15.0,14.84,0.43
62.575,15.0,14.84,0.44
62.676,15.0,14.84,0.44
62.777,15.0,14.85,0.45
62.878,15.0,14.85,0.45
62.979,15.0,14.85,0.46
63.08,15.0,14.85,0.46
63.181,15.0,14.85,0.47
63.282,15.0,14.85,0.47
63.383,15.0,14.85,0.47
63.484,15.0,14.85,0.48
63.585,15.0,14.85,0.48
63.686,15.0,14.86,0.49
63.787,15.0,14.86,0.49
63.888,15.0,14.86,0.5
63.989,15.0,14.86,0.5
64.09,15.0,14.86,0.5
64.191,15.0,14.86,0.5
64.292,15.0,14.86,0.51
64.393,15.0,14.86,0.51
64.494,15.0,14.86,0.51
64.595,15.0,14.87,0.52
64.696,15.0,14.87,0.52
64.797,15.0,14.87,0.53
64.898,15.0,14.87,0.53
64.999,15.0,14.87,0.53
65.1,15.0,14.87,0.54
65.201,15.0,14.86,0.55
65.302,15.0,14.86,0.57
65.403,15.0,14.85,0.57
65.504,15.0,14.85,0.59
65.605,15.0,14.84,0.6
65.707,15.0,14.84,0.62
65.808,15.0,14.83,0.63
65.909,15.0,14.83,0.65
66.01,15.0,14.82,0.66
66.111,15.0,14.82,0.68
66.212,15.0,14.81,0.69
66.313,15.0,14.8,0.71
66.414,15.0,14.8,0.73
66.515,15.0,14.8,0.74
66.616,15.0,14.79,0.76
66.717,15.0,14.78,0.77
66.818,15.0,14.79,0.78
66.919,15.0,14.79,0.78
67.02,15.0,14.79,0.79
67.121,15.0,14.79,0.79
67.223,15.0,14.79,0.8
67.324,15.0,14.8,0.8
67.425,15.0,14.8,0.8
67.526,15.0,14.8,0.81
67.627,15.0,14.81,0.81
67.728,15.0,14.81,0.81
67.829,15.0,14.81,0.81
67.93,15.0,14.82,0.82
68.031,15.0,14.82,0.82
68.132,15.0,14.82,0.82
68.233,15.0,14.83,0.82
68.334,15.0,14.83,0.82
68.435,15.0,14.83,0.82
68.536,15.0,14.84,0.83
68.637,15.0,14.84,0.83
68.738,15.0,14.84,0.83
68.839,15.0,14.85,0.83
68.94,15.0,14.85,0.83
69.041,15.0,14.85,0.83
69.142,15.0,14.86,0.83
69.243,15.0,14.86,0.83
69.344,15.0,14.87,0.83
69.445,15.0,14.87,0.83
69.547,15.0,14.87,0.83
69.648,15.0,14.88,0.83
69.749,15.0,14.88,0.83
69.85,15.0,14.89,0.82
69.951,15.0,14.89,0.82
70.052,10.0,14.89,-6.64
70.153,10.0,14.9,-6.84
70.254,10.0,14.9,-7.04
70.355,10.0,14.9,-7.24
70.456,10.0,14.91,-7.44
70.557,10.0,14.91,-7.64
70.658,10.0,14.91,-7.83
70.759,10.0,14.91,-8.03
70.86,10.0,14.91,-8.22
70.961,10.0,14.9,-8.42
71.062,10.0,14.9,-8.6
71.163,10.0,14.9,-8.79
71.264,10.0,14.89,-8.88
71.365,10.0,14.88,-9.06
71.467,10.0,14.87,-9.24
71.568,10.0,14.86,-9.42
71.669,10.0,14.85,-9.6
71.77,10.0,14.84,-9.77
71.871,10.0,14.82,-9.94
71.972,10.0,14.81,-10.11
72.073,10.0,14.78,-10.27
72.175,10.0,14.74,-10.39
72.276,10.0,14.72,-10.55
72.377,10.0,14.69,-10.7
72.478,10.0,14.67,-10.84
72.579,10.0,14.63,-10.97
72.68,10.0,14.59,-11.01
72.781,10.0,14.56,-11.14
72.882,10.0,14.51,-11.26
72.983,10.0,14.47,-11.37
73.084,10.0,14.42,-11.47
73.185,10.0,14.36,-11.56
73.286,10.0,14.3,-11.65
73.387,10.0,14.24,-11.73
73.488,10.0,14.17,-11.8
73.589,10.0,14.11,-11.86
73.69,10.0,14.03,-11.91
73.791,10.0,13.95,-11.96
73.892,10.0,13.87,-11.99
73.993,10.0,13.79,-12.02
74.094,10.0,13.7,-12.03
74.195,10.0,13.61,-11.98
74.296,10.0,13.53,-12.0
74.397,10.0,13.44,-12.0
74.498,10.0,13.35,-12.0
74.599,10.0,13.26,-12.0
74.7,10.0,13.17,-11.99
74.801,10.0,13.08,-11.98
74.902,10.0,12.99,-11.97
75.003,10.0,12.92,-11.99
75.104,10.0,12.83,-11.97
75.205,10.0,12.74,-11.95
75.307,10.0,12.66,-11.93
75.408,10.0,12.57,-11.91
75.509,10.0,12.49,-11.89
75.61,10.0,12.41,-11.81
75.711,10.0,12.32,-11.78
75.812,10.0,12.24,-11.75
75.913,10.0,12.16,-11.72
76.014,10.0,12.08,-11.68
76.115,10.0,12.0,-11.65
76.216,10.0,11.92,-11.62
76.317,10.0,11.85,-11.58
76.418,10.0,11.76,-11.52
76.519,10.0,11.66,-11.44
76.62,10.0,11.57,-11.38
76.721,10.0,11.5,-11.32
76.822,10.0,11.41,-11.26
76.923,10.0,11.34,-11.2
77.024,10.0,11.26,-11.17
77.125,10.0,11.18,-11.04
77.228,10.0,11.08,-10.93
77.329,10.0,11.01,-10.88
77.43,10.0,10.94,-10.81
77.531,10.0,10.88,-10.76
77.632,10.0,10.83,-10.71
77.733,10.0,10.76,-10.65
77.834,10.0,10.68,-10.55
77.935,10.0,10.6,-10.47
78.036,10.0,10.53,-10.38
78.137,10.0,10.46,-10.3
78.238,10.0,10.4,-10.22
78.339,10.0,10.32,-10.11
78.44,10.0,10.22,-10.04
78.541,10.0,10.15,-9.88
78.642,10.0,10.08,0.0
78.743,10.0,10.02,0.0
78.844,10.0,9.96,0.0
78.945,10.0,9.91,0.0
79.046,10.0,9.87,0.2
79.147,10.0,9.83,0.27
79.248,10.0,9.79,0.33
79.349,10.0,9.76,0.39
79.45,10.0,9.73,0.44
79.551,10.0,9.71,0.48
79.652,10.0,9.69,0.52
79.753,10.0,9.67,0.56
79.854,10.0,9.65,0.6
79.955,10.0,9.64,0.63
80.056,10.0,9.62,0.67
80.157,10.0,9.61,0.7
80.258,10.0,9.6,0.74
80.359,10.0,9.59,0.77
80.46,10.0,9.58,0.8
80.561,10.0,9.57,0.83
80.662,10.0,9.56,0.86
80.763,10.0,9.55,0.89
80.864,10.0,9.54,0.92
80.965,10.0,9.54,0.95
81.067,10.0,9.53,0.97
81.168,10.0,9.53,1.0
81.269,10.0,9.52,1.03
81.37,10.0,9.52,1.04
81.471,10.0,9.51,1.07
81.572,10.0,9.51,1.1
81.673,10.0,9.5,1.12
81.774,10.0,9.5,1.15
81.875,10.0,9.49,1.18
81.976,10.0,9.49,1.21
82.077,10.0,9.48,1.23
82.178,10.0,9.48,1.26
82.28,10.0,9.47,1.29
82.381,10.0,9.47,1.32
82.482,10.0,9.46,1.34
82.583,10.0,9.46,1.37
82.684,10.0,9.46,1.4
82.785,10.0,9.46,1.41
82.886,10.0,9.46,1.43
82.987,10.0,9.46,1.45
83.088,10.0,9.45,1.48
83.189,10.0,9.45,1.5
83.29,10.0,9.45,1.52
83.391,10.0,9.45,1.55
83.492,10.0,9.45,1.57
83.593,10.0,9.45,1.59
83.694,10.0,9.45,1.61
83.795,10.0,9.45,1.63
83.896,10.0,9.45,1.66
83.997,10.0,9.45,1.68
84.098,10.0,9.45,1.7
84.199,10.0,9.46,1.72
84.3,10.0,9.46,1.72
84.401,10.0,9.46,1.74
84.502,10.0,9.46,1.76
84.603,10.0,9.47,1.77
84.704,10.0,9.47,1.79
84.805,10.0,9.48,1.8
84.907,10.0,9.48,1.82
85.008,10.0,9.48,1.83
85.109,10.0,9.49,1.85
85.21,10.0,9.49,1.86
85.311,10.0,9.5,1.87
85.412,10.0,9.5,1.89
85.513,10.0,9.51,1.9
85.614,10.0,9.51,1.91
85.715,10.0,9.52,1.92
85.816,10.0,9.52,1.92
85.917,10.0,9.53,1.94
86.018,10.0,9.53,1.95
86.119,10.0,9.54,1.96
86.22,10.0,9.54,1.97
86.321,10.0,9.55,1.98
86.422,10.0,9.56,1.98
86.523,10.0,9.56,1.99
86.624,10.0,9.57,2.0
86.725,10.0,9.58,2.0
86.827,10.0,9.59,2.01
86.928,10.0,9.59,2.02
87.029,10.0,9.6,2.03
87.13,10.0,9.6,2.03
87.232,10.0,9.61,2.03
87.333,10.0,9.62,2.04
87.434,10.0,9.63,2.04
87.535,10.0,9.63,2.05
87.636,10.0,9.64,2.05
87.737,10.0,9.64,2.07
87.838,10.0,9.63,2.09
87.939,10.0,9.63,2.11
88.04,10.0,9.63,2.13
88.141,10.0,9.63,2.14
88.242,10.0,9.64,2.14
88.343,10.0,9.64,2.15
88.444,10.0,9.65,2.15
88.545,10.0,9.67,2.14
88.646,10.0,9.69,2.12
88.747,10.0,9.7,2.12
88.848,10.0,9.71,2.11
88.949,10.0,9.72,2.1
89.05,10.0,9.73,2.1
89.151,10.0,9.75,2.09
89.252,10.0,9.76,2.08
89.353,10.0,9.77,2.07
89.454,10.0,9.79,2.05
89.555,10.0,9.8,2.04
89.656,10.0,9.82,2.02
89.757,10.0,9.84,2.0
89.858,10.0,9.85,1.99
89.959,10.0,9.87,1.97
90.06,10.0,9.88,1.96
90.161,10.0,9.9,1.93
90.262,10.0,9.92,0.0
90.363,10.0,9.93,0.0
90.464,10.0,9.95,0.0
90.565,10.0,9.96,0.0
90.667,10.0,9.98,0.0
90.768,10.0,9.99,0.0
90.869,10.0,10.0,0.0
90.97,10.0,10.02,0.0
91.071,10.0,10.03,0.0
91.172,10.0,10.04,0.0
91.273,10.0,10.05,0.0
91.374,10.0,10.06,0.0
91.475,10.0,10.07,0.0
91.576,10.0,10.08,0.0
91.677,10.0,10.09,0.0
91.778,10.0,10.1,-0.15
91.879,10.0,10.11,-0.17
91.98,10.0,10.11,-0.18
92.081,10.0,10.12,-0.19
92.182,10.0,10.13,-0.21
92.283,10.0,10.13,-0.22
92.385,10.0,10.14,-0.24
92.486,10.0,10.15,-0.26
92.587,10.0,10.15,-0.27
92.688,10.0,10.16,-0.28
92.789,10.0,10.16,-0.3
92.89,10.0,10.17,-0.31
92.991,10.0,10.17,-0.32
93.092,10.0,10.18,-0.33
93.193,10.0,10.18,-0.34
93.294,10.0,10.18,-0.36
93.395,10.0,10.19,-0.37
93.496,10.0,10.19,-0.38
93.597,10.0,10.19,-0.39
93.698,10.0,10.2,-0.41
93.799,10.0,10.2,-0.42
93.9,10.0,10.2,-0.43
94.001,10.0,10.2,-0.44
94.102,10.0,10.21,-0.45
94.203,10.0,10.21,-0.47
94.304,10.0,10.21,-0.48
94.405,10.0,10.22,-0.48
94.507,10.0,10.22,-0.5
94.608,10.0,10.22,-0.52
94.709,10.0,10.23,-0.53
94.81,10.0,10.23,-0.54
94.911,10.0,10.23,-0.56
95.012,10.0,10.24,-0.57
95.113,10.0,10.24,-0.59
95.214,10.0,10.25,-0.61
95.315,10.0,10.25,-0.62
95.416,10.0,10.25,-0.63
95.517,10.0,10.25,-0.64
95.618,10.0,10.25,-0.66
95.719,10.0,10.25,-0.67
95.82,10.0,10.26,-0.68
95.921,10.0,10.26,-0.69
96.022,10.0,10.26,-0.7
96.123,10.0,10.26,-0.72
96.224,10.0,10.27,-0.73
96.325,10.0,10.27,-0.75
96.427,10.0,10.27,-0.76
96.528,10.0,10.27,-0.77
96.629,10.0,10.27,-0.78
96.73,10.0,10.27,-0.79
96.831,10.0,10.28,-0.81
96.932,10.0,10.27,-0.82
97.033,10.0,10.27,-0.83
97.134,10.0,10.27,-0.84
97.235,10.0,10.27,-0.85
97.337,10.0,10.27,-0.86
97.438,10.0,10.28,-0.88
97.539,10.0,10.28,-0.89
97.64,10.0,10.28,-0.9
97.741,10.0,10.27,-0.91
97.842,10.0,10.27,-0.92
97.943,10.0,10.27,-0.93
98.044,10.0,10.27,-0.94
98.145,10.0,10.27,-0.95
98.246,10.0,10.27,-0.96
98.347,10.0,10.27,-0.96
98.448,10.0,10.27,-0.97
98.549,10.0,10.27,-0.99
98.65,10.0,10.27,-1.0
98.751,10.0,10.27,-1.01
98.852,10.0,10.27,-1.02
98.953,10.0,10.27,-1.03
99.054,10.0,10.27,-1.03
99.155,10.0,10.27,-1.04
99.256,10.0,10.27,-1.05
99.357,10.0,10.26,-1.06
99.458,10.0,10.26,-1.07
99.559,10.0,10.26,-1.07
99.66,10.0,10.26,-1.08
99.761,10.0,10.26,-1.09
99.862,10.0,10.26,-1.1
99.963,10.0,10.25,-1.11
100.064,10.0,10.25,-1.11
100.165,10.0,10.25,-1.12
100.267,10.0,10.25,-1.13
100.368,10.0,10.25,-1.13
100.469,10.0,10.25,-1.14
100.57,10.0,10.24,-1.15
100.671,10.0,10.24,-1.15
100.772,10.0,10.24,-1.16
100.873,10.0,10.24,-1.17
100.974,10.0,10.24,-1.17
101.075,10.0,10.24,-1.18
101.176,10.0,10.23,-1.19
101.277,10.0,10.23,-1.2
101.378,10.0,10.23,-1.2
101.479,10.0,10.23,-1.21
101.58,10.0,10.23,-1.21
101.681,10.0,10.22,-1.22
101.782,10.0,10.22,-1.22
101.883,10.0,10.22,-1.22
101.984,10.0,10.21,-1.22
102.085,10.0,10.21,-1.23
102.187,10.0,10.2,-1.23
102.289,10.0,10.2,-1.23
102.39,10.0,10.2,-1.23
102.491,10.0,10.19,-1.23
102.592,10.0,10.19,-1.24
102.693,10.0,10.18,-1.24
102.794,10.0,10.18,-1.24
102.895,10.0,10.18,-1.24
102.996,10.0,10.17,-1.24
103.097,10.0,10.17,-1.24
103.198,10.0,10.16,-1.23
103.299,10.0,10.16,-1.23
103.4,10.0,10.15,-1.23
103.501,10.0,10.14,-1.23
103.602,10.0,10.14,-1.23
103.703,10.0,10.13,-1.22
103.804,10.0,10.13,-1.22
103.905,10.0,10.12,-1.22
104.006,10.0,10.12,-1.21
104.107,10.0,10.11,-1.21
104.208,10.0,10.1,-1.2
104.309,10.0,10.1,0.0
104.41,10.0,10.09,0.0
104.511,10.0,10.09,0.0
104.612,10.0,10.08,0.0
104.713,10.0,10.08,0.0
104.814,10.0,10.08,0.0
104.915,10.0,10.07,0.0
105.016,10.0,10.07,0.0
105.117,10.0,10.06,0.0
105.218,10.0,10.06,0.0
105.319,10.0,10.05,0.0
105.42,10.0,10.05,0.0
105.521,10.0,10.05,0.0
105.622,10.0,10.04,0.0
105.723,10.0,10.04,0.0
105.824,10.0,10.04,0.0
105.925,10.0,10.03,0.0
106.027,10.0,10.03,0.0
106.128,10.0,10.03,0.0
106.229,10.0,10.02,0.0
106.33,10.0,10.02,0.0
106.431,10.0,10.02,0.0
106.532,10.0,10.01,0.0
106.633,10.0,10.01,0.0
106.734,10.0,10.0,0.0
106.835,10.0,10.0,0.0
106.936,10.0,10.0,0.0
107.037,10.0,9.99,0.0
107.138,10.0,9.99,0.0
107.239,10.0,9.99,0.0
107.341,10.0,9.98,0.0
107.442,10.0,9.98,0.0
107.543,10.0,9.97,0.0
107.644,10.0,9.97,0.0
107.745,10.0,9.97,0.0
107.846,10.0,9.96,0.0
107.947,10.0,9.96,0.0
108.048,10.0,9.96,0.0
108.149,10.0,9.95,0.0
108.25,10.0,9.95,0.0
108.351,10.0,9.95,0.0
108.452,10.0,9.94,0.0
108.553,10.0,9.94,0.0
108.654,10.0,9.94,0.0
108.755,10.0,9.94,0.0
108.856,10.0,9.93,0.0
108.957,10.0,9.93,0.0
109.058,10.0,9.93,0.0
109.159,10.0,9.93,0.0
109.26,10.0,9.92,0.0
109.361,10.0,9.92,0.0
109.462,10.0,9.92,0.0
109.563,10.0,9.92,0.0
109.664,10.0,9.92,0.0
109.765,10.0,9.92,0.0
109.867,10.0,9.91,0.0
109.968,10.0,9.91,0.0
110.069,10.0,9.91,0.0
110.17,10.0,9.91,0.0
110.271,10.0,9.91,0.0
110.372,10.0,9.91,0.0
110.473,10.0,9.91,0.0
110.574,10.0,9.91,0.0
110.675,10.0,9.91,0.0
110.776,10.0,9.91,0.0
110.877,10.0,9.91,0.0
110.978,10.0,9.91,0.0
111.079,10.0,9.9,0.0
111.18,10.0,9.9,0.0
111.281,10.0,9.9,0.0
111.382,10.0,9.9,0.0
111.483,10.0,9.9,0.0
111.584,10.0,9.9,0.0
111.685,10.0,9.9,0.0
111.787,10.0,9.9,0.15
111.888,10.0,9.9,0.15
111.989,10.0,9.9,0.16
112.09,10.0,9.9,0.17
112.191,10.0,9.89,0.17
112.292,10.0,9.89,0.18
112.393,10.0,9.89,0.18
112.495,10.0,9.89,0.19
112.596,10.0,9.89,0.19
112.697,10.0,9.89,0.2
112.798,10.0,9.89,0.21
112.899,10.0,9.89,0.21
113.0,10.0,9.88,0.22
113.101,10.0,9.88,0.23
113.202,10.0,9.88,0.23
113.303,10.0,9.88,0.23
113.404,10.0,9.89,0.23
113.505,10.0,9.89,0.23
113.606,10.0,9.89,0.24
113.707,10.0,9.89,0.24
113.808,10.0,9.89,0.25
113.909,10.0,9.89,0.25
114.01,10.0,9.89,0.26
114.111,10.0,9.89,0.27
114.212,10.0,9.88,0.27
114.313,10.0,9.88,0.28
114.414,10.0,9.88,0.28
114.515,10.0,9.88,0.29
114.616,10.0,9.88,0.3
114.717,10.0,9.88,0.3
114.818,10.0,9.88,0.31
114.919,10.0,9.88,0.31
115.02,10.0,9.88,0.32
115.121,10.0,9.88,0.32
115.222,10.0,9.88,0.33
115.323,10.0,9.88,0.33
115.424,10.0,9.88,0.34
115.525,10.0,9.88,0.34
115.627,10.0,9.88,0.35
115.728,10.0,9.88,0.35
115.829,10.0,9.88,0.35
115.93,10.0,9.88,0.36
116.031,10.0,9.88,0.36
116.132,10.0,9.89,0.35
116.233,10.0,9.89,0.35
116.334,10.0,9.9,0.35
116.435,10.0,9.89,0.36
116.536,10.0,9.89,0.36
116.637,10.0,9.89,0.37
116.738,10.0,9.89,0.37
116.839,10.0,9.89,0.37
116.94,10.0,9.89,0.38
117.041,10.0,9.89,0.39
117.142,10.0,9.89,0.39
117.243,10.0,9.89,0.4
117.344,10.0,9.89,0.4
117.445,10.0,9.89,0.4
117.548,10.0,9.89,0.41
117.649,10.0,9.89,0.41
117.75,10.0,9.89,0.42
117.851,10.0,9.89,0.42
117.952,10.0,9.9,0.42
118.053,10.0,9.89,0.42
118.154,10.0,9.89,0.43
118.255,10.0,9.89,0.44
118.356,10.0,9.89,0.44
118.457,10.0,9.89,0.45
118.558,10.0,9.89,0.45
118.659,10.0,9.89,0.46
118.76,10.0,9.89,0.46
118.861,10.0,9.88,0.47
118.962,10.0,9.88,0.48
119.063,10.0,9.88,0.48
119.164,10.0,9.88,0.49
119.265,10.0,9.88,0.5
119.366,10.0,9.88,0.5
119.467,10.0,9.88,0.51
119.568,10.0,9.88,0.52
119.669,10.0,9.88,0.52
119.77,10.0,9.88,0.53
119.871,10.0,9.88,0.53
119.972,10.0,9.88,0.54
120.073,10.0,9.87,0.54
120.174,10.0,9.88,0.54
120.275,10.0,9.88,0.54
120.376,10.0,9.88,0.55
120.477,10.0,9.88,0.56
120.578,10.0,9.88,0.56
120.679,10.0,9.88,0.56
120.78,10.0,9.88,0.56
120.881,10.0,9.88,0.57
120.982,10.0,9.88,0.57
121.083,10.0,9.88,0.58
121.184,10.0,9.88,0.58
121.285,10.0,9.88,0.59
121.387,10.0,9.88,0.59
121.488,10.0,9.88,0.6
121.589,10.0,9.88,0.6
121.69,10.0,9.88,0.61
121.791,10.0,9.88,0.61
121.892,10.0,9.88,0.62
121.993,10.0,9.88,0.62
122.094,10.0,9.88,0.63
122.195,10.0,9.88,0.63
122.296,10.0,9.88,0.64
122.397,10.0,9.88,0.64
122.498,10.0,9.88,0.65
122.6,10.0,9.88,0.65
122.701,10.0,9.88,0.66
122.802,10.0,9.88,0.66
122.903,10.0,9.88,0.67
123.004,10.0,9.88,0.67
123.105,10.0,9.88,0.68
123.206,10.0,9.88,0.68
123.307,10.0,9.88,0.69
123.408,10.0,9.88,0.69
123.509,10.0,9.88,0.7
123.61,10.0,9.88,0.7
123.711,10.0,9.88,0.71
123.812,10.0,9.88,0.71
123.913,10.0,9.88,0.72
124.014,10.0,9.88,0.72
124.115,10.0,9.88,0.73
124.216,10.0,9.88,0.73
124.317,10.0,9.88,0.74
124.418,10.0,9.88,0.74
124.519,10.0,9.88,0.74
124.62,10.0,9.88,0.75
124.721,10.0,9.88,0.75
124.822,10.0,9.88,0.75
124.923,10.0,9.88,0.76
125.024,10.0,9.88,0.76
125.125,10.0,9.88,0.77
125.227,10.0,9.88,0.77
125.328,10.0,9.88,0.77
125.429,10.0,9.89,0.77
125.53,10.0,9.89,0.78
125.631,10.0,9.89,0.78
125.732,10.0,9.89,0.78
125.833,10.0,9.89,0.78
125.934,10.0,9.89,0.79
126.035,10.0,9.89,0.79
126.136,10.0,9.89,0.79
126.237,10.0,9.89,0.79
126.338,10.0,9.89,0.8
126.439,10.0,9.89,0.81
126.54,10.0,9.89,0.81
126.641,10.0,9.89,0.82
126.742,10.0,9.89,0.82
126.843,10.0,9.89,0.82
126.944,10.0,9.89,0.83
127.045,10.0,9.89,0.83
127.147,10.0,9.9,0.83
127.248,10.0,9.9,0.83
127.349,10.0,9.9,0.83
127.45,10.0,9.9,0.0
